{
    "loss": 2.3972904682159424,
    "accuracy": 0.8620689511299133
}